Categoria,Nivel 1,Nivel 2,Nivel 3,MouseOver,Info 1,Info 2,Info 3
"Nombre de la fuente de financiamiento (origen de los recursos). Estas pueden ser: 
(PEF, Fideicomisos, Bancos Internacionales, Recursos locales, Recursos federales, Recursos privados - Asociación o Donación)",Planeación,Presupuesto,Fuente presupuestaria,"Es el dato que señala la fuente de la que provienen los recursos económicos para el proyecto. Este dato puede conducir a otros paquetes de datos que provean mayor detalle sobre los recursos económicos que sustentan el proyecton. Por ejemplo, la desagregación del presupuesto asignado","Por tratarse de una Asociación Público-Privada (APP) autofinanciada, la cual es definida como un proyecto cuyos recursos para su desarrollo y ejecución provienen en su totalidad de aportaciones distintas a numerario (Artículo 3, inciso c del Reglamento de la Ley Federal de APP) este proyecto no cuenta con una fuente de recursos presupuestaria. El Desarrollador deberá asumir todos los costos y aportar todos los recursos económicos que se requieran para que diseñe, instale, despliegue, opere, mantenga y actualice la Red Compartida yse comercialicen Servicios Mayoristas de Telecomunicaciones a través de dicha red. Asimismo, los bienes (muebles e inmuebles), derechos, infraestructura, equipos, autorizaciones, licencias, permisos, derechos de vía, pagos y demás elementos materiales, humanos, financieros o de cualquier otra índole que se requieran para diseñar, instalar, desplegar, operar, mantener y actualizar la Red Compartida y prestar el Servicio Mayorista de Telecomunicaciones a través de la misma, deberán ser aportados por el Desarrollador.",No aplica,http://www.sct.gob.mx/red-compartida/index.html
Porcentaje o monto aportado por el gobierno federal,Planeación,Presupuesto,Fuente presupuestaria,Debido a la naturaleza de una APP se entiende que la fuente de financiamiento no proviene exclusivamente de recursos públicos. Debe especificarse entonces el porcentaje esperado que aportara cada una de las partes,0,SCT/Dirección General de Política de Telecomunicaciones  y Radiodifusión,http://www.sct.gob.mx/red-compartida/index.html
Porcentaje o monto aportado por gobiernos estatales o locales,Planeación,Presupuesto,Fuente presupuestaria,Debido a la naturaleza de una APP se entiende que la fuente de financiamiento no proviene exclusivamente de recursos públicos. Debe especificarse entonces el porcentaje esperado que aportara cada una de las partes,0,SCT/Dirección General de Política de Telecomunicaciones  y Radiodifusión,http://www.sct.gob.mx/red-compartida/index.html
Porcentaje o monto aportado por sector privado,Planeación,Presupuesto,Fuente presupuestaria,Debido a la naturaleza de una APP se entiende que la fuente de financiamiento no proviene exclusivamente de recursos públicos. Debe especificarse entonces el porcentaje esperado que aportara cada una de las partes,1,SCT/Dirección General de Política de Telecomunicaciones  y Radiodifusión,http://www.sct.gob.mx/red-compartida/index.html
Clave presupuestaria completa,Planeación,Presupuesto,Identificador del presupuesto,Identificador de la fuente presupuestaria que provee recursos económicos para el proyecto,"No aplica, por tratarse de una Asociación Público-Privada (APP) autofinanciada, la cual es definida como un proyecto cuyos recursos para su desarrollo y ejecución provienen en su totalidad de aportaciones distintas a numerario (Artículo 3, inciso c del Reglamento de la Ley Federal de APP), por lo que este proyecto no cuenta con una fuente de recursos presupuestaria.",No aplica,
Nombre de la partida de gasto,Planeación,Presupuesto,Descripción del presupuesto,Es el título o nombre de la fuente presupuestaria que provee los recursos económicos necesarios para el proyecto,"No aplica, por tratarse de una Asociación Público-Privada (APP) autofinanciada, la cual es definida como un proyecto cuyos recursos para su desarrollo y ejecución provienen en su totalidad de aportaciones distintas a numerario (Artículo 3, inciso c del Reglamento de la Ley Federal de APP), por lo que este proyecto no cuenta con una fuente de recursos presupuestaria",No aplica,
Monto asignado a la clave presupuestaria,Planeación,Presupuesto,Monto,Es el valor asignado en la fuente presupuestaria para el proyecto,"Este no cuenta con una fuente de recursos presupuestaria, por tratarse de una Asociación Público-Privada (APP) autofinanciada, la cual es definida como un proyecto cuyos recursos para su desarrollo y ejecución provienen en su totalidad de aportaciones distintas a numerario (Artículo 3, inciso c del Reglamento de la Ley Federal de APP). ",No aplica,
Moneda en formato ISO 4217,Planeación,Presupuesto,Moneda del monto asignado,"Es la moneda del monto asignado al proyecto en la fuente presupuestaria, expresado en tres letras según el formato ISO 4217",No aplica,No aplica,
Nombre del proyecto registrado en la cartera de inversión (opcional),Planeación,Presupuesto,Proyecto presupuestario,Es el nombre relacionado con del proyecto que provee de recursos financieros para la ejecución (en caso de aplicar). ,Red Compartida,SHCP/Unidad de Inversiónes,http://www.apartados.hacienda.gob.mx/sistema_cartera_inversión/
Clave del proyecto en la cartera de inversión (opcional),Planeación,Presupuesto,Identificador del proyecto presupuestario,Es la clave que identifica el proyecto presupuestario del que el proceso forma parte o mediante el cuál es financiado (en caso de ser aplicable),"Clave de cartera: 15094000001. Es importante señalar que la Red Compartida, al ser una APP Autofinanciable, no requiere aprobación de la Unidad de Inversiónes de la SHCP. Sin embargo, con el propósito de fomentar la transparencia en el proceso, se solicitó una opinión vinculante, que fue respondida de manera favorable el 6 de enero del presente año mediante el Oficio No. 400.1.410.16",SHCP/Unidad de Inversiónes,http://www.apartados.hacienda.gob.mx/sistema_cartera_inversión/
Hipervínculo al presupuesto (con la mayor desagregación posible),Planeación,Presupuesto,Url del presupuesto,Es una liga a un registro digital o base de datos que contenga la información sobre el presupuesto asociado con el proyecto (en caso de aplicar),"No aplica, por tratarse de una Asociación Público-Privada (APP) autofinanciada, la cual es definida como un proyecto cuyos recursos para su desarrollo y ejecución provienen en su totalidad de aportaciones distintas a numerario (Artículo 3, inciso c del Reglamento de la Ley Federal de APP) este proyecto no cuenta con una fuente de recursos presupuestaria",No aplica,
Sí/No,Planeación,Aportación pública,¿Existe una aportación pública?,Es campo binario que describe si en la APP existe una aportación pública distinta a recursos financieros para la inversión,Si,SCT/Dirección General de Política de Telecomunicaciones  y Radiodifusión,
"Inmueble, bien, derecho",Planeación,Aportación pública,Tipo de aportación pública,Es el tipo de la aportación pública realizada para la APP,"Conforme a lo establecido en el Decreto por el que se reforman y adicionan diversas disposiciones de los artículos 6o., 7o., 27, 28, 73, 78, 94 y 105 de la Constitución Política de los Estados Unidos Mexicanos, en materia de telecomunicaciones, en particular en su artículo décimo sexto transitorio, se establece que la Red Compartida de telecomunicaciones contemplará, el aprovechamiento de al menos 90 MHz del espectro liberado por la transición a la Televisión Digital Terrestre (banda 700 MHz) y de los recursos de la red troncal de fibra óptica de la Comisión Federal de Electricidad",SCT/Dirección General de Política de Telecomunicaciones  y Radiodifusión,
Monto estimado del valor de la aportación pública para la APP,Planeación,Aportación pública,Valor de la aportación pública,Es el valor total de la aportación pública,"0
El uso de los 90 MHz de espectro de la Banda de 700 MHz que el Gobierno Federal va a aportar a la APP serán pagados con derechos aportados por el Concursante ganador por lo que el valor de este espectro es cubierto por el privado, razón por la que el valor económico aportado por el Gobierno Federal es cero.",SCT/Dirección General de Política de Telecomunicaciones  y Radiodifusión,http://www.sct.gob.mx/red-compartida/index.html
Justificación de compra,Planeación,Fundamento,Fundamento del proceso,Es la descripción los motivos del proceso. Puede ser la normatividad que permite realizar el concurso y debe señalarse la necesidad a la que responde el proceso. Se puede fundamentar en la planeación estratégica y sectorial de la institución que ejecuta el proyecto,"El desarrollo, despliegue y operación de la Red Compartida se lleva a cabo considerando que: 
 • El 11 de junio de 2013 se publicó en el Diario Oficial de la Federación el Decreto por el que se reforman y adicionan diversas disposiciones de los artículos 6o., 7o., 27, 28, 73, 78, 94 y 105 de la Constitución Política de los Estados Unidos Mexicanos, en materia de telecomunicaciones, en cuyo artículo décimo sexto transitorio se establece que el Estado, a través del Ejecutivo Federal, en coordinación con el Instituto Federal de Telecomunicaciones, garantizará la instalación de una red pública compartida de telecomunicaciones que impulse el acceso efectivo de la población a la comunicación de banda ancha y a los servicios de telecomunicaciones.
 • Que conforme a lo establecido en la misma disposición transitoria, la referida red compartida de telecomunicaciones contemplará, entre otros, el aprovechamiento de al menos 90 MHz del espectro liberado por la transición a la Televisión Digital Terrestre (banda 700 MHz) y de los recursos de la red troncal de fibra óptica de la Comisión Federal de Electricidad.
 • Que el artículo décimo quinto transitorio del decreto referido en los párrafos anteriores, instruyó a la Comisión Federal de Electricidad a ceder totalmente al organismo descentralizado Telecomunicaciones de México, su concesión para instalar, operar y explotar una red pública de telecomunicaciones, así como a transferirle todos los recursos y equipos necesarios para la operación y explotación de dicha concesión.
 • Que con fecha del 14 de julio de 2014 se publicó en el Diario Oficial de la Federación el decreto por el que se expiden la Ley Federal de Telecomunicaciones y Radiodifusión, y la Ley del Sistema Público de Radiodifusión del Estado Mexicano; y se reforman, adicionan y derogan diversas disposiciones en materia de telecomunicaciones y radiodifusión, en cuyo artículo décimo tercero transitorio se establece que el Ejecutivo Federal, a través de la Secretaría de Comunicaciones y Transportes, realizará las acciones tendientes a instalar la red pública compartida de telecomunicaciones a que se refiere el artículo Décimo Sexto transitorio del Decreto por el que se reforman y adicionan diversas disposiciones de los artículos 6o., 7o., 27, 28, 73, 78, 94 y 105 de la Constitución Política de los Estados Unidos Mexicanos, en materia de telecomunicaciones, publicado en el Diario Oficial de la Federación el 11 de junio de 2013, y que en caso de que el Ejecutivo requiera de bandas de frecuencias del espectro liberado por la transición a la televisión digital terrestre (banda de 700 MHz) para crecer y fortalecer la red compartida, el Instituto Federal de Telecomunicaciones las otorgará directamente, siempre y cuando dicha red se mantenga bajo el control de una entidad o dependencia pública o bajo un esquema de asociación público-privada.
 • Que el artículo 142 de la Ley Federal de Telecomunicaciones y Radiodifusión, establece que el Instituto Federal de Telecomunicaciones asignará directamente 90 MHz de la banda de 700 MHz para la operación y explotación de una red compartida mayorista, mediante concesión de uso comercial, en los términos establecidos en dicha ley.
 • Que el Plan Nacional de Desarrollo 2013-2018 plantea como uno de sus objetivos la democratización del acceso a los servicios de telecomunicaciones, fijando para tales efectos, como líneas de acción, la promoción de una mayor oferta de los servicios de telecomunicaciones, la inversión privada en el sector; fomentar el uso óptimo, entre otras, de la banda de 700 MHz bajo principios de acceso universal, no discriminatorio, compartido y continuo; y la promoción de participaciones público-privadas en el despliegue, desarrollo y uso eficiente de la infraestructura de conectividad en el país.
 • Que el Programa Sectorial de Comunicaciones y Transportes 2013-2018 establece, como uno de sus objetivos, ampliar la cobertura y el acceso a mejores servicios de comunicaciones, en condiciones de competencia. Para ello estableció como estrategia promover el desarrollo de una nueva infraestructura en comunicaciones, así como su uso óptimo, para mejorar su cobertura, conectividad y accesibilidad, fijando como líneas de acción:  promover la creación de una red compartida de acceso inalámbrico al mayoreo que aproveche la banda de 700 MHz,  promover asociaciones público-privadas en el despliegue, desarrollo y uso eficiente de la infraestructura de conectividad, expandir y operar la red troncal prevista en la reforma constitucional en materia de telecomunicaciones para ofrecer mayor cobertura, entre otras",SCT/Dirección General de Política de Telecomunicaciones  y Radiodifusión,
Proyecto solicitado/Proyecto no solicitado,Planeación,Diseño de la APP,Tipo de proyecto,Señala si el proyecto de APP fue solicitado por la entidad gubernamental que conduce el proceso o fue presentado por un tercero independiente con interés en el sector,Proyecto solicitado por la SCT,,http://www.sct.gob.mx/red-compartida/index.html
Nombre de la entidad solicitante,Planeación,Diseño de la APP,Nombre de la entidad que genera el proyecto,Es el nombre de la institución gubernamental o persona que diseño el proyecto de APP,Secretaría de Comunicaciones y Transportes,,http://www.sct.gob.mx/red-compartida/index.html
Monto de recursos invertidos (señalar fuente presupuestaria en el caso de ser públicos),Planeación,Diseño de la APP,Monto invertido en el diseño del proyecto,Es el monto total de recursos invertidos en el diseño del proyecto,"159,302,800.00 pesos provenientes del Fideicomiso Público de Administracióne Inversión N° 2058",,http://www.sct.gob.mx/red-compartida/index.html
Fecha en que se registra el proyecto ,Planeación,Diseño de la APP,Fecha de presentación,"Es la fecha en que el proyecto es presentado a la Comisión Intersecretarial de Gasto Público, Financiamiento y Desincorporación (para proyectos solicitados) o que es entregado a la dependencia interésada (proyectos no solicitados)",42277,,http://www.apartados.hacienda.gob.mx/sistema_cartera_Inversión/
Fecha en que se aprueba el proyecto de APP,Planeación,Diseño de la APP,Fecha de aprobación,"Es la fecha en que el proyecto de APP es aprobado por la Comisión Intersecretarial de Gasto Público, Financiamiento y Desincorporación",42375,,http://www.apartados.hacienda.gob.mx/sistema_cartera_Inversión/
Número de estudios realizados para el diseño del proyecto,Planeación,Diseño de la APP,Estudios realizados,Es el número de estudios realizados para el diseño de la APP,11,,http://www.sct.gob.mx/red-compartida/index.html
Datos sobre los estudios relacionados con el diseño de la APP,Planeación,Diseño de la APP,Datos de los estudios realizados,"Es la descripción de estudios realizados (nombre del estudio, ente que lo realiza, fecha en que se realiza, costo del estudio, lenguaje, descripción del ddocumento, URL para consulta)","Descripción del Proyecto y Viabilidad Técnica (Fracción I Artículo 14 Ley Asociación Privadas). 2. Los Inmuebles, bienes y derechos necesarios para desarrollo del proyecto (Fracción II Artículo 14 de Ley Asociación Público Privadas). 3. Las autorizaciones para el desarrollo del proyecto que en su caso, son necesarias (Fracción III Artículo 14 Ley de Asociaciones Público Privadas). 4. Viabilidad Jurídica del Proyecto (Fracción IV Artículo 14 de la Ley Asociación Público Privadas). 5. Impacto Ambiental, Asentamiento Humanos y Desarrollo Urbano (Fracción V Artículo 14 de la Ley Asociación Público Privadas). 6. Red Compartida, Análisis Costo Beneficio 7. Red Compartida Fracción VI Memoria de Cálculo Costo Beneficio 8. Estimación de Inversión (Fracción VII Artículo 14 Ley Asociación Público Privadas). 9. La Viabilidad Económica y Financiera del Proyecto (FRACCIÓN VIII ARTÍCULO 14 LEY ASOCIACIÓN PÚBLICO PRIVADAS). 10. Red Compartida Fracción IX - Memoria de Cálculo 11. Conveniencia de llevar a cabo el proyecto como APP (Fracción IX Artículo 14 de la Ley Asociación Público Privadas)",,http://www.sct.gob.mx/red-compartida/index.html
Términos de referencia,Planeación,Ddocumentos de la planeación,Evaluación de necesidades,"Es el documento que evalúa la justificación de las necesidades por las cuáles se realizará el o los procesos de contratación, y que detalla los bienes, obras o servicios a contratar que atienden dichas necesidades","Estudio ""Descripción del Proyecto y Viabilidad Técnica"" (Fracción I Artículo 14 Ley Asociación Privadas)",SCT/Dirección General de Política de Telecomunicaciones  y Radiodifusión,http://www.sct.gob.mx/red-compartida/index.html
Plan del proyecto o Proyecto ejecutivo (opcional),Planeación,Ddocumentos de la planeación,Plan del proyecto,Es el documento que describe el plan del proyecto que se atiende con la contratación,"Estudio ""Descripción del Proyecto y Viabilidad Técnica"" (Fracción I Artículo 14 Ley Asociación Privadas)",SCT/Dirección General de Política de Telecomunicaciones  y Radiodifusión,http://www.sct.gob.mx/red-compartida/index.html
Plan de concurso es del proyecto o institución (opcional),Planeación,Ddocumentos de la planeación,Plan de contratación / de concursoes,documento que describe el proceso de contratación del proyecto que se planea llevar a cabo. Este plan puede referirse a un conjunto de procesos de contratación dentro del mismo proyecto o dentro de la misma entidad,"Estudio ""Viabilidad Económica y Financiera del Proyecto"" (FRACCIÓN VIII ARTÍCULO 14 LEY ASOCIACIÓN PÚBLICO PRIVADAS)",SCT/Dirección General de Política de Telecomunicaciones  y Radiodifusión,http://www.sct.gob.mx/red-compartida/index.html
Estudio de factibilidad (opcional),Planeación,Ddocumentos de la planeación,Estudio de factibilidad,Es el documento que describe las condiciones necesarias para realizar un proyecto,"Estudios:
1. Descripción del Proyecto y Viabilidad Técnica (Fracción I Artículo 14 Ley Asociación Privadas)
 2. Viabilidad Jurídica del Proyecto (Fracción IV Artículo 14 de la Ley Asociación Público Privadas)
 3. Los Inmuebles, bienes y derechos necesarios para desarrollo del proyecto (Fracción II Artículo 14 de Ley Asociación Público Privadas).
 4. Las autorizaciones para el desarrollo del proyecto que en su caso, resuelven necesarias (Fracción III Artículo 14 Ley de Asociaciones Público Privadas)",SCT/Dirección General de Política de Telecomunicaciones  y Radiodifusión,http://www.sct.gob.mx/red-compartida/index.html
Investigación de mercado,Planeación,Ddocumentos de la planeación,Estudio de mercado,"Es el documento que describe las características y condiciones del mercado en el que se realizará la contratación (estudio de mercado). Generalmente incluye los costos y precios del bien o servicio a contratar. En casos en los que no existe un estudio de mercado, se utiliza una cotización","Estudios:
1.- Red Compartida, Análisis Costo Beneficio
 2.- Red Compartida Fracción VI Memoria de Cálculo Costo Beneficio
 3.- Estimación de Inversión (Fracción VII Artículo 14 Ley Asociación Público Privadas).
 4.-La Viabilidad Económica y Financiera del Proyecto (FRACCIÓN VIII ARTÍCULO 14 LEY ASOCIACIÓN PÚBLICO PRIVADAS).
 5.- Red Compartida Fracción IX - Memoria de Cálculo",No aplica,
Clave del procedimiento de contratación,Concurso,Información General,Identificador del Concurso,Es la clave que identifica el concurso en Compranet,El numero será asignado por COMPRANET al momento de la publicación de la CONVOCATORIA DE LAS BASES DEL CONCURSO DE LA RED COMPARTIDA,SCT/Dirección General de Política de Telecomunicaciones  y Radiodifusión,https://compranet.funcionpublica.gob.mx/web/login.html
Nombre u objeto del procedimiento de contratación,Concurso,Información General,Título del Concurso,Es el nombre asignado al concurso,"Concurso internacional número app-009000896-e1-2016 para la adjudicación de un proyecto de asociación público-privada conforme a la ley de asociaciones público privadas, para la instalación y operación de la red pública compartida de telecomunicaciones",SCT/Dirección General de Política de Telecomunicaciones  y Radiodifusión,http://www.sct.gob.mx/red-compartida/index.html
Objeto y alcance del procedimiento de contratación,Concurso,Información General,Descripción del Concurso,Es la clave que identifica el bien o servicio a ser adquirido,"Asociación público-privada (APP) para el diseño, instalación, despliegue, operación, mantenimiento y actualización de una red de servicios de telecomunicaciones móviles. La aportación pública serán los 90MHz en la banda de 700 MHz y un par de hilos de fibra óptica de la Red Troncal, mientras que el diseño, financiamiento, despliegue, operación, comercialización y mantenimiento de la red correrá a cargo del particular. La red será mayorista, es decir, comercializará todos sus servicios y capacidades a otros concesionarios y comercializadoras sin discriminación",SCT/Dirección General de Política de Telecomunicaciones  y Radiodifusión,http://www.sct.gob.mx/red-compartida/index.html
Estatus del procedimiento de contratación (según Compranet),Concurso,Información General,Estatus del Concurso,Es la etapa hasta la cuál ha avanzado el proceso,Publicación de la CONVOCATORIA DE LAS BASES DEL CONCURSO DE LA RED COMPARTIDA y las BASES DEL CONCURSO DE LA RED COMPARTIDA. Está programada para el 29 de enero de 2016,SCT/Dirección General de Política de Telecomunicaciones  y Radiodifusión,http://www.sct.gob.mx/red-compartida/index.html
Clave CUCOP del bien o servicio,Concurso,Información General,Identificador del ítem en el Concurso,Es la clave que identifica el bien o servicio a ser adquirido,31602,SCT/Dirección General de Política de Telecomunicaciones  y Radiodifusión,https://compranet.funcionpublica.gob.mx/web/login.html
Descripción específica de la clave CUCOP del bien o servicio,Concurso,Información General,Descripción del ítem en el Concurso,Es la descripción de las características de cada bien o servicio a ser adquirido,31600001,SCT/Dirección General de Política de Telecomunicaciones  y Radiodifusión,https://compranet.funcionpublica.gob.mx/web/login.html
Tipo de la clave CUCOP del bien o servicio,Concurso,Información General,Clasificación del ítem,Es la referencia a una categoría a la que pertenece el bien o servicio a ser adquirido y que permite identificarlo o agruparlo dentro de en un universo total bienes o servicios,Servicio de Telecomunicaciones,SCT/Dirección General de Política de Telecomunicaciones  y Radiodifusión,https://compranet.funcionpublica.gob.mx/web/login.html
Clave en el Catálogo de Bienes Muebles (CABM) – Opcional,Concurso,Información General,Otras clasificaciones aplicables al bien o servicios,Son formas alternativas que pueden ser utilizadas para clasificar el bien o servicio a ser adquirido,C810800032,SCT/Dirección General de Política de Telecomunicaciones  y Radiodifusión,https://compranet.funcionpublica.gob.mx/web/login.html
Cantidad del bien o servicio,Concurso,Información General,Cantidad ,Es el número de bienes o servicios que serán adquiridos,1,SCT/Dirección General de Política de Telecomunicaciones  y Radiodifusión,https://compranet.funcionpublica.gob.mx/web/login.html
Unidad del bien o servicio,Concurso,Información General,Unidad,Es la unidad de medida en la que se especifica la cantidad de bienes o servicios,Una red compartida mayorista,SCT/Dirección General de Política de Telecomunicaciones  y Radiodifusión,https://compranet.funcionpublica.gob.mx/web/login.html
Presupuesto mínimo (opcional),Concurso,Información General,Valor mínimo del Concurso,"Es el valor mínimo estimado del concurso, expresado en monto y moneda","La inversión mínima dependerá de lo que establezca el concursante que oferte la mayor cobertura Poblaciónal agregada conforme al Censo de Población y Vivienda del INEGI 2010, partiendo de un mínimo de 85%",SCT/Dirección General de Política de Telecomunicaciones  y Radiodifusión,http://www.sct.gob.mx/red-compartida/index.html
Moneda en formato ISO 4217,Concurso,Información General,Moneda,"Es la moneda del monto asignado al concurso en la fuente presupuestaria, expresado en tres letras según el formato ISO 4217",MXN,No aplica,
Presupuesto máximo (monto de la suficiencia presupuestaria),Concurso,Información General,Valor máximo del concurso,"Es el valor máximo estimado del concurso, expresado en monto y moneda",La inversión máxima dependerá de lo que establezca el concursante que oferte la mayor cobertura Poblaciónal agregada conforme al Censo de Población y Vivienda del INEGI 2010,SCT/Dirección General de Política de Telecomunicaciones  y Radiodifusión,http://www.sct.gob.mx/red-compartida/index.html
Moneda en formato ISO 4217,Concurso,Información General,Moneda,"Es la moneda del monto asignado al concurso en la fuente presupuestaria, expresado en tres letras según el formato ISO 4217",MXN,No aplica,
Tipo del procedimiento,Concurso,Adquisición,Método por el que se realiza la adquisición,Es el nombre del tipo de procedimiento que se utiliza para el concurso,Concurso internacional publico,SCT/Dirección General de Política de Telecomunicaciones  y Radiodifusión,http://www.sct.gob.mx/red-compartida/index.html
Carácter del procedimiento,Concurso,Adquisición,Carácter del proceso de adquisición,Es el nombre del carácter del procedimiento que se utiliza para el concurso. El carácter define quien puede participar con base en el país en el que se encuentra registrada la empresa interésada,Concurso internacional publico,SCT/Dirección General de Política de Telecomunicaciones  y Radiodifusión,http://www.sct.gob.mx/red-compartida/index.html
Forma de procedimiento,Concurso,Adquisición,Forma del proceso de adquisición,Es el nombre de la forma en la que se conduce el procedimiento de concurso,Mixto,SCT/Dirección General de Política de Telecomunicaciones  y Radiodifusión,http://www.sct.gob.mx/red-compartida/index.html
Justificación del procedimiento de contratación,Concurso,Adquisición,Justificación ,Son las razones por las cuáles se seleccionó el tipo de procedimiento que se sigue para el concurso,"Justificación del procedimiento de contratación. El proyecto se adjudicará a través de un concurso, tal como lo establece el artículo 38 de la Ley de Asociaciones Público Privadas, a saber::
  
 “ Artículo 38. Las dependencias y entidades que pretendan el desarrollo de un proyecto de asociación público-privada convocarán a concurso, que deberá llevarse a cabo conforme a los principios de legalidad, libre concurrencia y competencia, objetividad e imparcialidad, transparencia y publicidad y, con las particularidades del artículo 31 de esta Ley, en igualdad de condiciones para todos los participantes.
 En tales concursos se buscará adjudicar los proyectos en las mejores condiciones disponibles en cuanto a precio, calidad, financiamiento, oportunidad y demás circunstancias pertinentes (…)”",SCT/Dirección General de Política de Telecomunicaciones  y Radiodifusión,http://www.sct.gob.mx/fileadmin/Comunicaciones/Red_Compartida/Esp/Info_General/ley-asociaciones-publico-privadas.pdf
Criterio de evaluación,Concurso,Adjudicación,Criterio para adjudicación,Nombre del criterio que será utilizado en la evaluación de propuestas para la adjudicación del concurso,"Porcentaje de la Población Agregada (población agregada con base en el censo nacional de población y vivienda de 2010 publicado por el Instituto Nacional de Estadística y Geografía) a nivel nacional que los Concursantes se comprometen a cubrir, según lo indiquen en su Oferta Económica, y que será utilizado para determinar al Ganador de Concurso",SCT/Dirección General de Política de Telecomunicaciones  y Radiodifusión,http://www.sct.gob.mx/red-compartida/index.html
Detalles sobre el criterio de evaluación,Concurso,Adquisición,Criterios para adjudicación,Es la información detallada sobre los criterios de adjudicación del concurso,"La evaluación de las propuestas se llevará a cabo con base en lo establecido en el artículo 52 de la LAPP, y lo establecido en las BASES DEL CONCURSO DE LA RED COMPARTIDA, realizándose en una primera etapa una evaluación de las ofertas técnicas, para posteriormente llevar a cabo una evaluación de la oferta económica de los participantes. Las ofertas técnicas se determinarán solventes cuando el concursante: 
 a) Acredite capacidad legal, de gestión, administrativa y técnica en los términos de las BASES DEL CONCURSO DE LA RED COMPARTIDA.
 b) Haya obtenido opinión en materia de competencia económica por parte del Instituto Federal de Telecomunicaciones en sentido favorable o favorable sujeta a condiciones, y siempre y cuando se encuentre en cumplimiento de tales condiciones.
 c) Haya presentado una oferta técnica completa y que cumpla con todos los requisitos establecidos en las BASES DEL CONCURSO DE LA RED COMPARTIDA y, 
 d) No se ubique en ninguna de las causas de descalificación establecidas en la Ley de APP, el Reglamento de la Ley de APP y en las BASES DEL CONCURSO DE LA RED COMPARTIDA. Por su parte, las ofertas económicas se considerarán solventes cuando el concursante: 
 a) La presente utilizando el formato y de conformidad con los requisitos que se establecen en los anexos 11 y 12 de las BASES DEL CONCURSO DE LA RED COMPARTIDA,
 b) Que cumpla con la documentación y acredite los requisitos establecidos para capacidad económica y financiera,
 c) No incluya ddocumentos distintos o adicionales a los que debe contener la oferta económica,
 d) Contenga la Cobertura Poblaciónal Ofertada y ésta sea igual o mayor a la Cobertura Mínima Requerida,
 e) Contenga el Calendario de Despliegue al que se compromete el Concursante cumplir, con la Cobertura Mínima Requerida y la Cobertura Poblaciónal Ofertada en términos de las BASES DEL CONCURSO DE LA RED COMPARTIDA y
 f) Contenga el Guante, que se utilizará como criterio de asignación únicamente cuando se presente un empate de Cobertura Poblaciónal Ofertada entre dos o más Concursantes, cuyo formato de presentación se encuentra en el anexo 12 de las BASES DEL CONCURSO DE LA RED COMPARTIDA",SCT/Dirección General de Política de Telecomunicaciones  y Radiodifusión,http://www.sct.gob.mx/red-compartida/index.html
Procedimiento para la recepción de propuestas,Concurso,Recepción,Método de recepción,Es el método por el cuál se recibirán las propuestas para el proceso de concurso,"Cada Concursante únicamente podrá presentar una Propuesta. La Propuesta de cada Concursante se integrará con una Oferta Técnica y una Oferta Económica. Las Ofertas Técnica y Económica deberán cumplir con los requisitos establecidos en las BASES DEL CONCURSO DE LA RED COMPARTIDA y deberán ser presentadas por separado en sobres cerrados en el acto de presentación y apertura de las Propuestas. En el caso de la Propuesta Técnica, la documentación que la soporte deberá contenerse en envoltura o embalaje debidamente sellado. Cualquier documento adicional que se entregue fuera de los sobres o de la envoltura o embalaje en la que se encuentre la información de soporte, será desechado",SCT/Dirección General de Política de Telecomunicaciones  y Radiodifusión,http://www.sct.gob.mx/red-compartida/index.html
Descripción del procedimiento para la recepción de propuestas,Concurso,Recepción,Detalles del método,"Es la información detallada sobre el método por el cuál se recibirán propuestas para el proceso de concurso. Podría referirse a la dirección postal o electrónica a la que tiene que enviarse la propuesta, o a requisitos adicionales","Cada Concursante únicamente podrá presentar una Propuesta. La Propuesta se integrará con una Oferta Técnica y una Oferta Económica. Las Ofertas Técnica y Económica deberán cumplir con los requisitos establecidos en las Bases del Concurso Internacional y deberán ser presentadas por separado en sobres cerrados en el acto de presentación y apertura de las Propuestas. La dirección para la entrega de la Propuesta es: Avenida Xola y Universidad s/n, Centro Nacional SCT, Cuerpo “C”, piso 1, Colonia Narvarte, Delegación Benito Juárez, Código Postal 03020, en la Ciudad de México, Distrito Federal.
En el caso de la Propuesta Técnica, la documentación que la soporte deberá contenerse en envoltura o embalaje debidamente sellado. Cualquier documento adicional que se entregue fuera de los sobres o de la envoltura o embalaje en la que se encuentre la información de soporte, será desechado. La Oferta Técnica de los Concursantes deberá contenerse en sobre cerrado, el cual deberá estar claramente rotulado en su exterior con la leyenda “Oferta Técnica de [nombre del Concursante]”, además de lo previsto en el artículo 73 del Reglamento de la Ley de APP. ",SCT/Dirección General de Política de Telecomunicaciones  y Radiodifusión,http://www.sct.gob.mx/red-compartida/index.html
Fecha de inicio del acto presentación y apertura de proposiciones,Concurso,Recepción,Periodo para recepción de propuestas,Es el periodo durante el cuál se deben entregar las propuestas del proceso de concurso (en formato ISO 8601),42590,SCT/Dirección General de Política de Telecomunicaciones  y Radiodifusión,http://www.sct.gob.mx/red-compartida/index.html
Fecha de cierre del acto de presentación y apertura de proposiciones (fecha inicial y fecha final),Concurso,Recepción,Periodo para recepción de propuestas,Es el periodo durante el cuál se deben entregar las propuestas del proceso de concurso (en formato ISO 8601),42590,SCT/Dirección General de Política de Telecomunicaciones  y Radiodifusión,http://www.sct.gob.mx/red-compartida/index.html
Fecha límite ,Concurso,Aclaraciones,Periodo de aclaraciones,Es el periodo durante el cuál se pueden hacer aclaraciones al proceso de concurso,42440,SCT/Dirección General de Política de Telecomunicaciones  y Radiodifusión,http://www.sct.gob.mx/red-compartida/index.html
Fecha de inicio de la junta de aclaraciones,Concurso,Aclaraciones,Periodo de aclaraciones,Es el periodo durante el cuál se pueden hacer aclaraciones al proceso de concurso (en formato ISO 8601),42433,SCT/Dirección General de Política de Telecomunicaciones  y Radiodifusión,http://www.sct.gob.mx/red-compartida/index.html
Fecha de cierre de la junta de aclaraciones,Concurso,Aclaraciones,Periodo de aclaraciones,Es el periodo durante el cuál se pueden hacer aclaraciones al proceso de concurso (en formato ISO 8601),42447,SCT/Dirección General de Política de Telecomunicaciones  y Radiodifusión,http://www.sct.gob.mx/red-compartida/index.html
Número,Concurso,Aclaraciones,Tuvo aclaraciones,Es el campo binario para indicar si hubo o no aclaraciones en el proceso de concurso,"Si se tiene previsto realizar. Los Concursantes podrán presentar solicitudes de consultas y aclaraciones por escrito a la Entidad Convocante únicamente de manera electrónica vía el portal de CompraNet, en las fechas y horarios señalados en el Calendario del Concurso definido en las BASES DEL CONCURSO DE LA RED COMPARTIDA, mismas que la Entidad Convocante contestará y atenderá por medio de CompraNet. Las solicitudes de consultas y aclaraciones deberán estar directamente relacionadas con la Convocatoria, las BASES DEL CONCURSO DE LA RED COMPARTIDA y sus anexos, de lo contrario dichas solicitudes serán desechadas.
 Una vez concluido el periodo establecido para la respuesta y atención de las solicitudes de consultas y aclaraciones, los Concursantes podrán realizar únicamente de manera electrónica, a través del portal de CompraNet, consultas y solicitar aclaraciones adicionales, exclusivamente sobre las respuestas a las consultas o aclaraciones contestadas por la Entidad Convocante, en las fechas y horarios señalados para tal efecto en el calendario del Concurso. Las solicitudes de consultas y aclaraciones que se presenten sobre aspectos distintos a los señalados en este párrafo se desecharán. Una vez concluido el periodo establecido para la respuesta y atención de las solicitudes de consultas y aclaraciones, los Concursantes podrán realizar únicamente de manera electrónica, a través del portal de CompraNet, consultas y solicitar aclaraciones adicionales, exclusivamente sobre las respuestas a las consultas o aclaraciones contestadas por la Entidad Convocante, en las fechas y horarios señalados para tal efecto en el calendario del Concurso. Las solicitudes de consultas y aclaraciones que se presenten sobre aspectos distintos a los señalados en este párrafo se desecharán",SCT/Dirección General de Política de Telecomunicaciones  y Radiodifusión,
Si/No,Concurso,Testigo Social,¿Existe un testigo social?,Es el campo binario para indicar si hubo o no un testigo social en el proceso de Concurso,Si,SCT/Dirección General de Política de Telecomunicaciones  y Radiodifusión,http://www.sct.gob.mx/red-compartida/index.html
RFC del Testigo Social,Concurso,Testigo Social,Identificador,Es la clave que identifica al testigo social (en caso de ser aplicables),TME990513J64,SCT/Dirección General de Política de Telecomunicaciones  y Radiodifusión,http://www.sct.gob.mx/red-compartida/index.html
Nombre del Testigo Social,Concurso,Testigo Social,Nombre,Es el nombre del testigo social designado (en caso de ser aplicable),Transparencia Mexicana A.C,SCT/Dirección General de Política de Telecomunicaciones  y Radiodifusión,http://www.sct.gob.mx/red-compartida/index.html
Requisitos y criterios de elegibilidad para los participantes,Concurso,Elegibilidad,Criterios de elegibilidad,Son los criterios de selecciónpara potenciales proveedores (participantes en la Concurso). Se refiere a determinadas características que debe tener el proveedor o condiciones que debe cumplir para poder participar en el proceso de concurso,"Los Concursantes deberán acreditar su capacidad administrativa, económica, técnica y financiera con diversos ddocumentos establecidos en las BASES DEL CONCURSO DE LA RED COMPARTIDA, entre los cuales se listan algunos de los más importantes:
 • documento conteniendo la descripción de los procedimientos administrativos del Concursante, relativos a la atención a usuarios, facturación, recepción, tramitación y atención de quejas, firmado por el Concursante o su representante común, en caso de Consorcio.
 • Organigrama de los principales puestos directivos hasta el segundo nivel jerárquico, en caso de resultar adjudicados con el Proyecto. 
 • Escrito bajo protesta de decir verdad que contenga la información y documentación que acredite que el Concursante, el Consorcio y/o alguno de sus socios y/o las personas que conformarán el equipo de administración, cuentan con la experiencia y conocimientos necesarios, de al menos diez (10) años en la administración, dirección y operación de empresas, públicas o privadas, en cualquier parte del mundo, de complejidad comparable con la Red Compartida. 
 • Para Concursantes que no sean y/o que no cuenten con participación de administradores de activos, deberán presentar estados financieros dictaminados por firma independiente de reconocido prestigio internacional, por los últimos dos ejercicios fiscales concluidos, en los que se muestre un capital contable de cuando menos $15,000,000,000.00 M.N. (Quince mil millones de pesos 00/100 Moneda Nacional). Tratándose de empresas que coticen sus acciones en bolsa de valores, podrán presentar su reporte anual que se presente ante la bolsa correspondiente, a efecto de acreditar este requisito. 
 • En caso de un Concursante administrador de activos que participe por su cuenta o en un Consorcio integrado solo por administradores de activos, deberán presentar carta de aprobación de inversión de su comité de inversión, o su órgano de gobierno, por recursos equivalentes a un capital requerido no menor a $7,500,000,000.00 M.N. (Siete mil quinientos millones de pesos 00/100 Moneda Nacional).
 • documento emitido por el Concursante en el que se describan las fuentes de financiamiento para la Red Compartida. En caso de Consorcio, se entenderá y tendrá como acreditado el requisito con la presentación y firma de este documento por el representante común. Dicho documento deberá ser acompañado de cartas de términos y condiciones de financiamiento emitidas y firmadas por instituciones financieras de prestigio internacional. 
 • Registro Federal de Contribuyentes del Concursante, su última declaración anual de impuestos ante el Servicio de Administración Tributaria y comprobante de la presentación de dicha declaración. En caso de Consorcio dicha información deberá presentarse respecto de cada uno de los miembros del mismo. Los Concursantes extranjeros deberán presentar los ddocumentos equivalentes emitidos por su país de origen, debidamente apostillados y traducidos al idioma español por perito oficial autorizado para actuar como tal.
 • Escrito que contenga la declaración bajo protesta de decir verdad de que todos los recursos destinados al proyecto provendrán de fuentes lícitas.
 • documento mediante el cual el Concursante se comprometa, en caso de resultar adjudicado con el Proyecto, a constituir un Fideicomiso con un capital suscrito y pagado de cuando menos $1,000,000,000.00 M.N. (Un mil millones de pesos 00/100 Moneda Nacional) de los cuales al menos $10,000,000.00, (Diez millones de pesos 00/100 Moneda Nacional) deberán corresponder al capital fijo sin derecho a retiro de la sociedad.
 • Los Concursantes deberán acreditar su capacidad financiera para el diseño, instalación, despliegue, operación, mantenimiento y actualización de la Red Compartida, así como la comercialización del Servicio Mayorista de Telecomunicaciones a través de la misma, con modelo financiero del Proyecto, proyectado a veinte (20) años. El modelo financiero del Proyecto deberá presentarse en formato impreso y electrónico (archivo de hoja de cálculo, en memoria USB), y contener y cumplir con los requisitos y lineamientos establecidos en el anexo 8 de las presentes Bases. 
 • Escrito bajo protesta de decir verdad que contenga la información y documentación que acredite que el Concursante, el Consorcio y/o alguno de sus socios y/o las personas que conformarán el equipo de administración cuentan con la experiencia y conocimientos necesarios, de al menos diez (10) años en el diseño, instalación, despliegue, operación, mantenimiento y actualización de redes de telecomunicaciones de servicios fijos o móviles, públicas o privadas, en cualquier parte del mundo, de tamaño, alcance y complejidad comparables con la Red Compartida. 
 • Conforme a lo establecido por los artículos 45, fracción IX, y 47, párrafo segundo, de la Ley de APP, los Concursantes deberán entregar como parte de su Propuesta (dentro de su Oferta Técnica) una Garantía de Seriedad por un monto equivalente a $1,000,000,000.00 (Un mil millones de pesos 00/100 Moneda Nacional), misma que deberá permanecer vigente hasta el momento en que, de ser el caso, se firme el Contrato de APP, el Concursante que resulte ganador entregue al Organismo Convocante la Garantía de Cumplimiento y se cumplan las condiciones a las que se encuentra sujeto el Contrato de APP y éste surta sus efectos, o bien hasta el momento en que se declare desierto el Concurso, en su caso. ",SCT/Dirección General de Política de Telecomunicaciones  y Radiodifusión,http://www.sct.gob.mx/red-compartida/index.html
Fecha de fallo,Concurso,Adjudicación,Periodo de adjudicación,Es la fecha o periodo en que se preve se adjudique el contrato,42606,SCT/Dirección General de Política de Telecomunicaciones  y Radiodifusión,http://www.sct.gob.mx/red-compartida/index.html
Número de propuestas recibidas,Concurso,Participantes,Número de participantes,Es el número de participantes que entregaron una propuesta en el concurso,La información se publicará conforme se genere durante el proyecto,,
Número de propuestas realizadas por participantes inhabilitados,Concurso,Participante,Número de participantes inhabilitados,Es el número de participantes que intentaron participar en el proceso entregando una propuesta a pesar de estar inhabilitadas para participar,La información se publicará conforme se genere durante el proyecto,,
RFC del participante,Concurso,Participante,Identificador del participante,Es la clave que identifica al participante,La información se publicará conforme se genere durante el proyecto,,
Nombre o razón social del participante,Concurso,Participante,Nombre del participante,Es el nombre del participante,La información se publicará conforme se genere durante el proyecto,,
Calle y número del participante,Concurso,Participante,Dirección del participante,Es la dirección postal del participante ,La información se publicará conforme se genere durante el proyecto,,
Colonia del participante,Concurso,Participante,Dirección del participante,Es la dirección postal del participante ,La información se publicará conforme se genere durante el proyecto,,
Delegación o municipio,Concurso,Participante,Dirección del participante,Es la dirección postal del participante ,La información se publicará conforme se genere durante el proyecto,,
Entidad federativa,Concurso,Participante,Dirección del participante,Es la dirección postal del participante ,La información se publicará conforme se genere durante el proyecto,,
País,Concurso,Participante,Dirección del participante,Es la dirección postal del participante ,La información se publicará conforme se genere durante el proyecto,,
Código postal,Concurso,Participante,Dirección del participante,Es la dirección postal del participante ,La información se publicará conforme se genere durante el proyecto,,
Nombre del representante legal,Concurso,Participante,Contacto del participante,Son los datos de la persona natural que funge como contacto en el proceso de concurso ,La información se publicará conforme se genere durante el proyecto,,
Correo electrónico de contacto,Concurso,Participante,Contacto del participante,Son los datos de la persona natural que funge como contacto en el proceso de concurso ,La información se publicará conforme se genere durante el proyecto,,
Teléfono de contacto,Concurso,Participante,Contacto del participante,Son los datos de la persona natural que funge como contacto en el proceso de concurso ,La información se publicará conforme se genere durante el proyecto,,
Teléfono fax de contacto,Concurso,Participante,Contacto del participante,Son los datos de la persona natural que funge como contacto en el proceso de concurso ,La información se publicará conforme se genere durante el proyecto,,
Página web del participante,Concurso,Participante,Contacto del participante,Son los datos de la persona natural que funge como contacto en el proceso de concurso ,La información se publicará conforme se genere durante el proyecto,,
Nombre o razón social de la institución convocante,Concurso,Institución que realiza el concurso,Nombre,"Es el nombre o clave de la entidad que realiza la compra, que puede ser diferente de quien está pagando la compra o de quien utilizará los bienes o servicios a ser adquiridos",Secretaría de Comunicaciones y Transportes,SCT/Dirección General de Política de Telecomunicaciones  y Radiodifusión,http://www.sct.gob.mx/red-compartida/index.html
Convocatoria del concurso ,Concurso,Documentos del Concurso,Aviso ,Es el documento en el que se publica el concurso y se provee la información sobre el proceso y sus características. Este documento puede encontrarse en una página web o en una gaceta oficial,"La convocatoria se publicará en el Diario Oficial de la Federación, en la pagina web de la SCT, en Compranet y en dos periódicos de circulación nacional de conformidad con los artículos 44 de la Ley de APP y 66 del Reglamento de la Ley de APP",SCT/Dirección General de Política de Telecomunicaciones  y Radiodifusión,http://www.sct.gob.mx/red-compartida/index.html
Publicación de la pre-convocatoria en el DOF,Concurso,Documentos del Concurso,Aviso de audiencia pública,Es el documento que contiene información sobre el proceso del concurso y que se encuentra abierta a comentarios de cualquier interésado,No está prevista,SCT/Dirección General de Política de Telecomunicaciones  y Radiodifusión,http://www.sct.gob.mx/red-compartida/index.html
Anexo técnico,Concurso,Documentos del Concurso,Anexo,"Es el documento que contiene información para los interésados en el concurso describiendo los objetivos, características del contrato y el proceso",Bases del concurso de la red compartida y contrato de la red compartida,SCT/Dirección General de Política de Telecomunicaciones  y Radiodifusión,http://www.sct.gob.mx/red-compartida/index.html
Bases de la Concurso,Concurso,Documentos del Concurso,Criterios de elegibilidad,Es el documento que incluye y describe los criterios que debe cumplir un interésado para participar ,Bases del concurso de la red compartida y contrato de la red compartida,SCT/Dirección General de Política de Telecomunicaciones  y Radiodifusión,http://www.sct.gob.mx/red-compartida/index.html
Anexo técnico,Concurso,Documentos del Concurso,Especificaciones técnicas,"Es el documento que contiene información para los interésados en el concurso describiendo los objetivos, características del contrato y el proceso",Bases del concurso de la red compartida y contrato de la red compartida,SCT/Dirección General de Política de Telecomunicaciones  y Radiodifusión,http://www.sct.gob.mx/red-compartida/index.html
Anexo técnico,Concurso,Documentos del Concurso,Criterios de evaluación,"Es el documento que contiene información para los interésados en el concurso describiendo los objetivos, características del contrato y el proceso",Bases del concurso de la red compartida y contrato de la red compartida,SCT/Dirección General de Política de Telecomunicaciones  y Radiodifusión,http://www.sct.gob.mx/red-compartida/index.html
Acta(s) de la(s) junta(s) de aclaraciones,Concurso,Documentos del Concurso,Aclaraciones,"Es el documento que incluye todas las aclaraciones recibidas y respondidas durante el proceso de Concurso, incluyendo aquellas realizadas durante el periodo de pre-convocatoria","Durante el periodo de pre-convocatoria se recibieron comentarios de partes de diferentes interésados en el proyecto, los cuales están disponibles en los siguientes documentos: 
 Compendio de las Manifestaciones de Interés y Compendio de los comentarios a los Criterios Generales.
 ",SCT/Dirección General de Política de Telecomunicaciones  y Radiodifusión,http://www.sct.gob.mx/red-compartida/index.html
Manifestaciones de interés,Concurso,Documentos del Concurso,Pre-selección de participantes,"Es la lista de participantes pre-seleccionados para la Concurso, en caso de existir",No está prevista,No aplica,
"Acta constitutiva (estatutos y reformas), acta de poder del representante legal, identificación del representante legal. Formato de acreditación de personalidad",Concurso,Documentos del Concurso,Información de participantes,"Son los ddocumentos con la información de los participantes y que acreditan su participación en la concurso, así como excepciones aplicables",La información se publicará conforme se genere durante el proyecto,,
Declaración de los servidores públicos relacionados con el proceso de contratación,Concurso,Documentos del Concurso,Declaración de interéses,Es el documento que registra posibles conflictos de interés de los funcionarios participantes en la concurso,Existen las declaraciones patrimoniales de los funcionarios participantes en la licitación,SFP,http://www.gob.mx/sfp
Directorio de contratistas y proveedores sancionados,Concurso,Documentos del Concurso,Inhabilitaciones,"Son las inhabilitaciones emitidas, referentes a las empresas que no pueden participar en el proceso de Concurso","Dependerá del análisis que realice el Instituto Federal de Telecomunicaciones (IFT). El IFT publicará en su página de Internet (www.ift.org.mx), los elementos de referencia para identificar ex ante a los agentes económicos que, si bien podrán participar en el Concurso como parte de un Consorcio, están impedidos para tener influencia en la operación de la Red Compartida, y el instructivo para que los agentes económicos soliciten la Opinión en Materia de Competencia Económica al IFT para participar en el presente Concurso. Los Concursantes deberán acudir ante el IFT, a más tardar el 9 de mayo de 2016, a solicitar la Opinión en Materia de Competencia Económica, atendiendo para ello los requisitos y plazos establecidos por dicho Instituto. Podrán participar en el Concurso las personas que hayan obtenido una opinión en sentido favorable o favorable sujeta a condiciones, siempre y cuando se encuentre en cumplimiento de tales condiciones, en opinión del IFT",IFT/Unidad de Competencia Económica,
Número de procedimiento para asociarse con el hito,Concurso,Hitos del procedimiento de Concurso,Identificador,Es la clave que identifica el hito,La información se publicará conforme se genere durante el proyecto,,
Nombre del hito,Concurso,Hitos del procedimiento de Concurso,Nombre,Es el nombre asignado al hito,La información se publicará conforme se genere durante el proyecto,,
Descripción del hito ,Concurso,Hitos del procedimiento de Concurso,Descripción,Es la información que describe el hito,La información se publicará conforme se genere durante el proyecto,,
Fecha del hito ,Concurso,Hitos del procedimiento de Concurso,Fecha del hito,"Es la fecha en la que tiene que suceder el hito, originalmente establecida",La información se publicará conforme se genere durante el proyecto,,
Fecha modificada del hito del proceso de Concurso o contratación (opcional),Concurso,Hitos del procedimiento de Concurso,Fecha modificada ,"En caso de modificación, señalar la fecha en la que tiene que suceder el hito si es que no coincide con la originalmente establecida",La información se publicará conforme se genere durante el proyecto,,
Estatus del hito,Concurso,Hitos del procedimiento de Concurso,Estatus,Es el estatus actual del hito,La información se publicará conforme se genere durante el proyecto,,
Ddocumentos que comprueban que se cumplió el hito,Concurso,Hitos del procedimiento de Concurso,Ddocumentos de soporte ,Son los documento que demuestran que el hito fue cumplido,La información se publicará conforme se genere durante el proyecto,,
Fecha en que se realiza la modificación,Concurso,Modificaciones,Fecha ,Es la fecha en que se realiza la modificación a la Concurso,La información se publicará conforme se genere durante el proyecto,,
Modificación realizada,Concurso,Modificaciones,Modificación realizada,Es la modificación que se realiza a la concurso,La información se publicará conforme se genere durante el proyecto,,
Justificación de la modificación,Concurso,Modificaciones,Justificación ,Es la justificación de la modificación que se realiza a la concurso,La información se publicará conforme se genere durante el proyecto,,